id	selection_tier	origin_rule	typed_reading	corrected_reading	expected_candidate	typed_keys	corrected_keys	mechanism	source	train_count	page_count	reverse_count	test_count	match_policy	builtin_collision_count	reference_lcid	reference_rcid	reference_mid	reference_value
1	required	none	しますた	しました	しました	simasuta	simasita	adjacent_key_substitution	product_seed	0	0	0	0	lattice_span_exact	0	610	435	17	-7.4169
2	required	none	ごかくに	ごかくにん	ご確認	gokakuni	gokakunin	missing_key	product_seed	0	0	0	0	lattice_span_exact	0	560	1283	17	-10.0794
3	core	none	であある	である	である	deaaru	dearu	key_repeat	JWTD_v2_train	67	67	0	3	lattice_span_exact	0	458	403	17	-6.5747
4	core	none	でああった	であった	であった	deaatta	deatta	key_repeat	JWTD_v2_train	37	37	0	0	lattice_span_exact	0	458	435	17	-7.8402
5	core	none	でああり	であり	であり	deaari	deari	key_repeat	JWTD_v2_train	27	27	0	0	lattice_span_exact	0	458	409	17	-7.7274
6	core	none	なっかた	なかった	なかった	nakkata	nakatta	geminate_shift	JWTD_v2_train	80	78	0	3	lattice_span_exact	0	34	435	17	-7.8988
7	core	none	きかっけ	きっかけ	きっかけ	kikakke	kikkake	geminate_shift	JWTD_v2_train	56	55	0	3	lattice_span_exact	0	1285	1285	282	-8.2538
8	core	none	ことろ	ところ	ところ	kotoro	tokoro	mora_transposition	JWTD_v2_train	49	48	1	2	lattice_span_exact	1	1313	1313	282	-4.6437
9	core	none	だたし	ただし	ただし	datasi	tadasi	mora_transposition	JWTD_v2_train	88	88	1	0	lattice_span_exact	0	555	555	468	-5.6279
10	core	none	られれて	られて	られて	rarerete	rarete	mora_repeat	JWTD_v2_train	41	41	0	0	lattice_span_exact	0	876	307	17	-7.7370
11	core	none	られれた	られた	られた	rarereta	rareta	mora_repeat	JWTD_v2_train	39	39	0	0	lattice_span_exact	0	876	435	17	-7.8755
12	core	none	かからわ	かかわら	かかわら	kakarawa	kakawara	mora_transposition	JWTD_v2_train	26	26	0	0	lattice_span_exact	0	780	780	268	-7.5399
13	core	none	あたな	あなた	あなた	atana	anata	mora_transposition	JWTD_v2_train	20	20	0	0	lattice_span_exact	0	1306	1306	17	-5.4913
14	core	none	おそよ	およそ	およそ	osoyo	oyoso	mora_transposition	JWTD_v2_train	16	16	0	0	lattice_span_exact	0	1282	1282	387	-7.8486
15	core	none	いすれ	いずれ	いずれ	isure	izure	adjacent_key_substitution	JWTD_v2_train	30	30	0	1	lattice_span_exact	4	1306	1306	468	-6.5760
16	core	none	ざまざまな	さまざまな	さまざまな	zamazamana	samazamana	adjacent_key_substitution	JWTD_v2_train	17	16	0	0	lattice_span_exact	0	1287	454	17	-9.6537
17	core	none	ずべて	すべて	すべて	zubete	subete	adjacent_key_substitution	JWTD_v2_train	13	13	0	0	lattice_span_exact	1	1314	1314	468	-6.1718
18	core	none	すれは	すれば	すれば	sureha	sureba	adjacent_key_substitution	JWTD_v2_train	16	16	0	0	lattice_span_exact	0	597	318	17	-7.8682
19	core	none	できす	できず	できず	dekisu	dekizu	adjacent_key_substitution	JWTD_v2_train	14	14	0	1	lattice_span_exact	0	622	487	17	-9.3605
20	core	none	なけければ	なければ	なければ	nakekereba	nakereba	mora_repeat	JWTD_v2_train	7	7	0	0	lattice_span_exact	0	14	318	17	-9.6318
21	core	none	でききる	できる	できる	dekikiru	dekiru	mora_repeat	JWTD_v2_train	6	6	0	0	lattice_span_exact	0	619	619	481	-4.0489
22	core	none	ししかし	しかし	しかし	sisikasi	sikasi	mora_repeat	JWTD_v2_train	6	6	0	0	lattice_span_exact	0	555	555	282	-4.3940
23	core	none	あるいいは	あるいは	あるいは	aruiiha	aruiha	key_repeat	JWTD_v2_train	5	5	0	0	lattice_span_exact	0	556	556	287	-4.4312
24	core	none	においいて	において	において	nioiite	nioite	key_repeat	JWTD_v2_train	5	5	0	0	lattice_span_exact	0	189	189	456	-2.8011
25	core	none	そののまま	そのまま	そのまま	sononomama	sonomama	mora_repeat	JWTD_v2_train	9	9	0	0	lattice_span_exact	0	1281	1281	282	-6.2190
26	core	none	なかかった	なかった	なかった	nakakatta	nakatta	mora_repeat	JWTD_v2_train	13	13	0	0	lattice_span_exact	0	34	435	17	-7.8988
27	core	none	ファション	ファッション	ファッション	fashon	fasshon	missing_key	JWTD_v2_train	36	36	0	1	raw_lattice_span_exact	0	1285	1285	324	-9.5740
28	core	none	ショピング	ショッピング	ショッピング	shopingu	shoppingu	missing_key	JWTD_v2_train	12	12	0	0	lattice_span_exact	0	1283	1283	442	-10.6121
29	core	none	ヨーロパ	ヨーロッパ	ヨーロッパ	yo-ropa	yo-roppa	missing_key	JWTD_v2_train	18	17	0	0	raw_lattice_span_exact	0	1293	1293	240	-6.3191
30	core	none	フィランド	フィンランド	フィンランド	firando	finrando	missing_key	JWTD_v2_train	19	10	0	0	lattice_span_exact	0	1294	1294	240	-7.6458
31	core	none	グリーランド	グリーンランド	グリーンランド	guri-rando	guri-nrando	missing_key	JWTD_v2_train	30	12	0	0	raw_lattice_span_exact	0	1293	1293	272	-10.1231
32	core	none	エンディグ	エンディング	エンディング	endhigu	endhingu	missing_key	JWTD_v2_train	13	13	0	0	lattice_span_exact	0	1285	1285	283	-10.0018
33	core	none	エンディンググ	エンディング	エンディング	endhingugu	endhingu	mora_repeat	JWTD_v2_train	18	15	0	0	lattice_span_exact	0	1285	1285	283	-10.0018
34	core	none	オープニンググ	オープニング	オープニング	o-puningugu	o-puningu	mora_repeat	JWTD_v2_train	13	13	0	0	raw_lattice_span_exact	0	1285	1285	478	-10.0673
35	core	none	ラインセンス	ライセンス	ライセンス	rainsensu	raisensu	extra_key	JWTD_v2_train	21	19	0	0	lattice_span_exact	0	1285	1285	431	-10.1652
36	core	none	キャラクラー	キャラクター	キャラクター	kyarakura-	kyarakuta-	adjacent_key_substitution	JWTD_v2_train	27	25	0	2	raw_lattice_span_exact	0	1285	1285	322	-8.1944
37	core	none	アミニズム	アニミズム	アニミズム	aminizumu	animizumu	mora_transposition	JWTD_v2_train	21	20	0	0	lattice_span_exact	0	1285	1285	88	-13.2059
38	core	none	グアマテラ	グアテマラ	グアテマラ	guamatera	guatemara	mora_transposition	JWTD_v2_train	17	7	0	0	lattice_span_exact	0	1294	1294	272	-9.7591
39	core	none	スッタフ	スタッフ	スタッフ	suttafu	sutaffu	geminate_shift	JWTD_v2_train	11	11	0	1	lattice_span_exact	0	1285	1285	451	-8.5743
41	candidate	NN	そんあ	そんな	そんな	sonna	sonna	rewrite_nn_fallback	JWTD_v2_train	6	6	0	0	lattice_span_exact	0	1315	1315	161	-4.6627
42	candidate	NN	ちゃんえる	ちゃんねる	チャンネル	tyanneru	tyanneru	rewrite_nn_fallback	JWTD_v2_train	5	5	0	0	lattice_span_exact	0	1285	1285	20	-9.2059
43	candidate	NN	こんいちは	こんにちは	こんにちは	konnitiha	konnitiha	rewrite_nn_fallback	JWTD_v2_train	3	3	0	0	lattice_span_exact	0	3	3	244	-6.2867
44	candidate	NN	どんあ	どんな	どんな	donna	donna	rewrite_nn_fallback	JWTD_v2_train	2	2	0	0	lattice_span_exact	0	1315	1315	17	-5.7214
45	candidate	NN	とんえるず	とんねるず	とんねるず	tonneruzu	tonneruzu	rewrite_nn_fallback	JWTD_v2_train	2	2	0	0	lattice_span_exact	0	1292	1292	409	-10.2020
46	candidate	NN	いろんあ	いろんな	いろんな	ironna	ironna	rewrite_nn_fallback	JWTD_v2_train	1	1	0	0	lattice_span_exact	0	1315	1315	17	-6.7316
47	candidate	NN	あんあ	あんな	あんな	anna	anna	rewrite_nn_fallback	JWTD_v2_train	1	1	0	0	lattice_span_exact	0	1315	1315	17	-7.5573
49	candidate	NN	みんあ	みんな	みんな	minna	minna	rewrite_nn_fallback	curated_seed	0	0	0	0	lattice_span_exact	0	1306	1306	17	-5.4329
50	candidate	NN	おんあ	おんな	おんな	onna	onna	rewrite_nn_fallback	curated_seed	0	0	0	0	lattice_span_exact	0	1285	1285	80	-12.1928
51	candidate	M	しmばし	しんばし	新橋	simbasi	simbasi	rewrite_m_fallback	curated_seed	0	0	0	0	raw_lattice_span_exact	0	1285	1285	473	-11.7267
52	candidate	M	なmば	なんば	難波	namba	namba	rewrite_m_fallback	curated_seed	0	0	0	0	raw_lattice_span_exact	0	1293	1293	231	-9.3900
53	candidate	M	さmぽ	さんぽ	散歩	sampo	sampo	rewrite_m_fallback	curated_seed	0	0	0	0	raw_lattice_span_exact	0	1283	1283	290	-8.7927
54	candidate	M	しmぶん	しんぶん	新聞	simbun	simbun	rewrite_m_fallback	curated_seed	0	0	0	0	raw_lattice_span_exact	0	1285	1285	201	-9.0337
55	candidate	M	てmぷら	てんぷら	天ぷら	tempura	tempura	rewrite_m_fallback	curated_seed	0	0	0	0	raw_lattice_span_exact	0	1285	1285	75	-11.1111
56	candidate	M	かmぱい	かんぱい	乾杯	kampai	kampai	rewrite_m_fallback	curated_seed	0	0	0	0	raw_lattice_span_exact	0	1283	1283	451	-10.3479
57	candidate	M	せmぱい	せんぱい	先輩	sempai	sempai	rewrite_m_fallback	curated_seed	0	0	0	0	raw_lattice_span_exact	0	1285	1285	364	-8.5225
58	candidate	M	えmぴつ	えんぴつ	鉛筆	empitu	empitu	rewrite_m_fallback	curated_seed	0	0	0	0	raw_lattice_span_exact	0	1285	1285	270	-10.9935
59	candidate	M	しmぱい	しんぱい	心配	simpai	simpai	rewrite_m_fallback	curated_seed	0	0	0	0	raw_lattice_span_exact	0	1283	1283	161	-7.6884
60	candidate	M	かmぺき	かんぺき	完璧	kampeki	kampeki	rewrite_m_fallback	curated_seed	0	0	0	0	raw_lattice_span_exact	0	1287	1287	66	-8.0583
63	candidate	Yu	きゅじょう	きゅうじょう	球場	kyujou	kyuujou	rewrite_yu_fallback	JWTD_v2_train	1	1	0	0	lattice_span_exact	0	1285	1285	316	-10.1180
64	candidate	Yu	りゅせい	りゅうせい	流星	ryusei	ryuusei	rewrite_yu_fallback	JWTD_v2_train	1	1	0	0	lattice_span_exact	0	1285	1285	466	-11.4707
65	candidate	Yu	しゅねん	しゅうねん	周年	syunen	syuunen	rewrite_yu_fallback	JWTD_v2_train	1	1	0	0	raw_lattice_span_exact	0	1300	1300	224	-9.0250
66	candidate	Yu	ちゅけい	ちゅうけい	中継	tyukei	tyuukei	rewrite_yu_fallback	JWTD_v2_train	1	1	0	0	lattice_span_exact	0	1283	1283	305	-8.7919
67	candidate	Yu	ちゅこう	ちゅうこう	中高	tyukou	tyuukou	rewrite_yu_fallback	JWTD_v2_train	1	1	0	0	lattice_span_exact	0	1285	1285	253	-12.1616
68	candidate	Yu	ちゅしん	ちゅうしん	中心	tyusin	tyuusin	rewrite_yu_fallback	JWTD_v2_train	1	1	0	0	raw_lattice_span_exact	0	1285	1285	356	-7.3368
69	candidate	Yu	きゅり	きゅうり	きゅうり	kyuri	kyuuri	rewrite_yu_fallback	JWTD_v2_train	1	1	0	0	lattice_span_exact	0	1285	1285	75	-11.2573
70	candidate	Yu	ちゅごく	ちゅうごく	中国	tyugoku	tyuugoku	rewrite_yu_fallback	curated_seed	0	0	0	0	lattice_span_exact	0	1293	1293	240	-5.2351
72	candidate	Yu	ちゅしゃじょう	ちゅうしゃじょう	駐車場	tyusyajou	tyuusyajou	rewrite_yu_fallback	curated_seed	0	0	0	0	lattice_span_exact	0	1293	1293	414	-7.6170
73	candidate	Yu	ちゅい	ちゅうい	注意	tyui	tyuui	rewrite_yu_fallback	curated_seed	0	0	0	0	lattice_span_exact	0	1283	1283	468	-7.9106
74	candidate	Yu	うちゅせん	うちゅうせん	宇宙船	utyusen	utyuusen	rewrite_yu_fallback	curated_seed	0	0	0	0	raw_lattice_span_exact	0	1285	1285	173	-10.7640
75	candidate	Yu	きゅけい	きゅうけい	休憩	kyukei	kyuukei	rewrite_yu_fallback	curated_seed	0	0	0	0	lattice_span_exact	0	1283	1283	109	-9.0748
76	candidate	Yu	きゅきゅう	きゅうきゅう	救急	kyukyuu	kyuukyuu	rewrite_yu_fallback	curated_seed	0	0	0	0	lattice_span_exact	0	1285	1285	402	-10.5135
77	candidate	Yu	きゅじつ	きゅうじつ	休日	kyujitu	kyuujitu	rewrite_yu_fallback	curated_seed	0	0	0	0	lattice_span_exact	0	1314	1314	380	-7.8618
78	candidate	Yu	きゅりょう	きゅうりょう	給料	kyuryou	kyuuryou	rewrite_yu_fallback	curated_seed	0	0	0	0	lattice_span_exact	0	1285	1285	474	-9.5394
79	candidate	Yu	きゅそく	きゅうそく	休息	kyusoku	kyuusoku	rewrite_yu_fallback	curated_seed	0	0	0	0	lattice_span_exact	0	1283	1283	271	-10.8084
80	candidate	Yu	きゅしゅう	きゅうしゅう	九州	kyusyuu	kyuusyuu	rewrite_yu_fallback	curated_seed	0	0	0	0	lattice_span_exact	0	1293	1293	397	-7.2624
81	candidate	Yu	きゅじょ	きゅうじょ	救助	kyujo	kyuujo	rewrite_yu_fallback	curated_seed	0	0	0	0	lattice_span_exact	0	1283	1283	320	-9.8909
82	candidate	Yu	しゅまつ	しゅうまつ	週末	syumatu	syuumatu	rewrite_yu_fallback	curated_seed	0	0	0	0	lattice_span_exact	1	1314	1314	380	-7.9535
84	candidate	Yu	しゅにゅう	しゅうにゅう	収入	syunyuu	syuunyuu	rewrite_yu_fallback	curated_seed	0	0	0	0	lattice_span_exact	0	1285	1285	286	-8.8963
85	candidate	Yu	りゅがく	りゅうがく	留学	ryugaku	ryuugaku	rewrite_yu_fallback	curated_seed	0	0	0	0	lattice_span_exact	0	1283	1283	314	-8.9885
86	candidate	Yu	りゅこう	りゅうこう	流行	ryukou	ryuukou	rewrite_yu_fallback	curated_seed	0	0	0	0	lattice_span_exact	0	1283	1283	356	-8.8985
87	candidate	Yu	りゅつう	りゅうつう	流通	ryutuu	ryuutuu	rewrite_yu_fallback	curated_seed	0	0	0	0	lattice_span_exact	0	1283	1283	375	-9.0682
88	candidate	Yu	にゅがく	にゅうがく	入学	nyugaku	nyuugaku	rewrite_yu_fallback	curated_seed	0	0	0	0	lattice_span_exact	0	1283	1283	364	-8.2441
89	candidate	Yu	にゅいん	にゅういん	入院	nyuin	nyuuin	rewrite_yu_fallback	curated_seed	0	0	0	0	raw_lattice_span_exact	0	1283	1283	46	-8.7958
90	candidate	Yu	にゅりょく	にゅうりょく	入力	nyuryoku	nyuuryoku	rewrite_yu_fallback	curated_seed	0	0	0	0	lattice_span_exact	0	1283	1283	45	-8.5969
91	candidate	NI	れにょうけい	れんようけい	連用形	renyoukei	renyoukei	rewrite_ni_fallback	JWTD_v2_train	1	1	0	0	lattice_span_exact	0	1285	1285	327	-13.2467
92	candidate	NI	にほにゅうびん	にほんゆうびん	日本郵便	nihonyuubin	nihonyuubin	rewrite_ni_fallback	curated_seed	0	0	0	0	raw_lattice_span_exact	0	1288	1288	118	-12.1246
93	candidate	NI	せにょう	せんよう	専用	senyou	senyou	rewrite_ni_fallback	curated_seed	0	0	0	0	lattice_span_exact	0	1283	1283	319	-8.0847
94	candidate	NI	きにょうび	きんようび	金曜日	kinyoubi	kinyoubi	rewrite_ni_fallback	curated_seed	0	0	0	0	lattice_span_exact	0	1314	1314	380	-8.2188
96	candidate	NI	ぜにょう	ぜんよう	全容	zenyou	zenyou	rewrite_ni_fallback	curated_seed	0	0	0	0	lattice_span_exact	0	1285	1285	468	-12.6059
97	candidate	NI	てにょう	てんよう	転用	tenyou	tenyou	rewrite_ni_fallback	curated_seed	0	0	0	0	lattice_span_exact	0	1283	1283	375	-9.7293
99	candidate	NI	せにょうしゃ	せんようしゃ	専用車	senyousya	senyousya	rewrite_ni_fallback	curated_seed	0	0	0	0	lattice_span_exact	0	1283	1298	17	-12.5410
100	candidate	NI	せにょうせん	せんようせん	専用線	senyousen	senyousen	rewrite_ni_fallback	curated_seed	0	0	0	0	raw_lattice_span_exact	0	1288	1288	280	-11.0495
